CREATE DATABASE  IF NOT EXISTS `income_per_country` /*!40100 DEFAULT CHARACTER SET utf8mb4 COLLATE utf8mb4_0900_ai_ci */ /*!80016 DEFAULT ENCRYPTION='N' */;
USE `income_per_country`;
-- MySQL dump 10.13  Distrib 8.0.19, for Win64 (x86_64)
--
-- Host: 127.0.0.1    Database: income_per_country
-- ------------------------------------------------------
-- Server version	8.0.19

/*!40101 SET @OLD_CHARACTER_SET_CLIENT=@@CHARACTER_SET_CLIENT */;
/*!40101 SET @OLD_CHARACTER_SET_RESULTS=@@CHARACTER_SET_RESULTS */;
/*!40101 SET @OLD_COLLATION_CONNECTION=@@COLLATION_CONNECTION */;
/*!50503 SET NAMES utf8 */;
/*!40103 SET @OLD_TIME_ZONE=@@TIME_ZONE */;
/*!40103 SET TIME_ZONE='+00:00' */;
/*!40014 SET @OLD_UNIQUE_CHECKS=@@UNIQUE_CHECKS, UNIQUE_CHECKS=0 */;
/*!40014 SET @OLD_FOREIGN_KEY_CHECKS=@@FOREIGN_KEY_CHECKS, FOREIGN_KEY_CHECKS=0 */;
/*!40101 SET @OLD_SQL_MODE=@@SQL_MODE, SQL_MODE='NO_AUTO_VALUE_ON_ZERO' */;
/*!40111 SET @OLD_SQL_NOTES=@@SQL_NOTES, SQL_NOTES=0 */;

--
-- Table structure for table `country_code`
--

DROP TABLE IF EXISTS `country_code`;
/*!40101 SET @saved_cs_client     = @@character_set_client */;
/*!50503 SET character_set_client = utf8mb4 */;
CREATE TABLE `country_code` (
  `idcountry_code` int NOT NULL AUTO_INCREMENT,
  `country_name` char(144) DEFAULT NULL,
  PRIMARY KEY (`idcountry_code`)
) ENGINE=InnoDB AUTO_INCREMENT=48 DEFAULT CHARSET=utf8mb4 COLLATE=utf8mb4_0900_ai_ci;
/*!40101 SET character_set_client = @saved_cs_client */;

--
-- Dumping data for table `country_code`
--

LOCK TABLES `country_code` WRITE;
/*!40000 ALTER TABLE `country_code` DISABLE KEYS */;
INSERT INTO `country_code` VALUES (1,'Albania'),(2,'Congo'),(3,'Congo (Democratic Republic of the)'),(4,'Afghanistan'),(5,'Albania'),(6,'Algeria'),(7,'Andorra'),(8,'Angola'),(9,'Antigua and Barbuda'),(10,'Argentina'),(11,'Armenia'),(12,'Australia'),(13,'Austria'),(14,'Azerbaijan'),(15,'Bahamas'),(16,'Bahrain'),(17,'Bangladesh'),(18,'Barbados'),(19,'Belarus'),(20,'Belgium'),(21,'Belize'),(22,'Benin'),(23,'Bhutan'),(24,'Bolivia (Plurinational State of)'),(25,'Bosnia and Herzegovina'),(26,'Botswana'),(27,'Brazil'),(28,'Brunei Darussalam'),(29,'Bulgaria'),(30,'Burkina Faso'),(31,'Burundi'),(32,'Cabo Verde'),(33,'Cambodia'),(34,'Cameroon'),(35,'Canada'),(36,'Central African Republic'),(37,'Chad'),(38,'Chile'),(39,'China'),(40,'Colombia'),(41,'Comoros'),(42,'Congo'),(43,'Congo (Democratic Republic of the)'),(44,'Costa Rica'),(45,'Croatia'),(46,'Cuba'),(47,'Cyprus');
/*!40000 ALTER TABLE `country_code` ENABLE KEYS */;
UNLOCK TABLES;

--
-- Table structure for table `estimated_gni_female`
--

DROP TABLE IF EXISTS `estimated_gni_female`;
/*!40101 SET @saved_cs_client     = @@character_set_client */;
/*!50503 SET character_set_client = utf8mb4 */;
CREATE TABLE `estimated_gni_female` (
  `Country` varchar(255) NOT NULL,
  `1995` int DEFAULT NULL,
  `2000` int DEFAULT NULL,
  `2005` int DEFAULT NULL,
  `2010` int DEFAULT NULL,
  `2011` int DEFAULT NULL,
  `2012` int DEFAULT NULL,
  `2013` int DEFAULT NULL,
  `2014` int DEFAULT NULL,
  `2015` int DEFAULT NULL,
  `2016` int DEFAULT NULL,
  `2017` int DEFAULT NULL,
  `2018` int DEFAULT NULL,
  `Info` text,
  `idcountry_code` int DEFAULT NULL,
  PRIMARY KEY (`Country`),
  KEY `idcountry_code` (`idcountry_code`),
  CONSTRAINT `estimated_gni_female_ibfk_1` FOREIGN KEY (`idcountry_code`) REFERENCES `country_code` (`idcountry_code`)
) ENGINE=InnoDB DEFAULT CHARSET=utf8mb4 COLLATE=utf8mb4_0900_ai_ci;
/*!40101 SET character_set_client = @saved_cs_client */;

--
-- Dumping data for table `estimated_gni_female`
--

LOCK TABLES `estimated_gni_female` WRITE;
/*!40000 ALTER TABLE `estimated_gni_female` DISABLE KEYS */;
INSERT INTO `estimated_gni_female` VALUES ('Afghanistan',692,445,665,963,944,1044,1082,1088,1096,1099,1112,1102,' female',NULL),('Albania',3032,3865,5321,7446,7672,8366,8374,8379,9115,9186,9423,9780,' female',NULL),('Algeria',1820,2063,2738,3654,3855,4081,4182,4059,4072,4186,4093,4104,' female',NULL),('Angola',2424,2621,3828,4922,4902,5185,5329,5494,5462,5136,5054,4720,' female',NULL),('Argentina',9107,9352,8684,12214,12778,12676,12797,12317,12671,12406,12680,12085,' female',NULL),('Armenia',1574,1766,3511,4344,5069,5431,5599,5701,5911,5682,6193,6341,' female',NULL),('Australia',21060,25310,28355,31708,32083,33196,33768,34196,34832,35366,35586,35897,' female',NULL),('Austria',23695,24132,26373,33291,30325,30569,30646,34593,30603,31404,31931,32617,' female',NULL),('Azerbaijan',2625,3430,4456,10466,9578,9260,9835,11253,11048,9780,9881,9850,' female',NULL),('Bahamas',24513,25827,25458,23499,23423,24105,23833,23051,23043,22181,22649,22827,' female',NULL),('Bahrain',19977,21799,25514,27568,26208,16254,17045,16697,19272,18973,19077,18418,' female',NULL),('Bangladesh',533,650,813,1223,1309,1410,1668,1757,1880,2011,2210,2373,' female',NULL),('Barbados',10174,11827,12334,13366,12781,13166,13279,13457,13416,13541,13780,13686,' female',NULL),('Belarus',4353,6196,9168,12850,13237,13519,13473,13986,13201,13061,13515,13923,' female',NULL),('Belgium',22625,27009,29283,32583,31936,32278,32670,32745,33214,33629,34453,34929,' female',NULL),('Belize',2907,3428,4213,4794,4959,5576,5488,5505,5704,5782,5609,5665,' female',NULL),('Benin',1052,1271,1406,1588,1573,1595,1664,1727,1714,1742,1791,1863,' female',NULL),('Bhutan',1678,2493,3397,5036,5296,5725,5274,5325,5731,6023,6284,6388,' female',NULL),('Bolivia (Plurinational State of)',2779,3052,3272,3555,3740,3705,3923,4287,4514,4807,4751,4901,' female',NULL),('Bosnia and Herzegovina',1057,4634,5655,6691,7293,6805,7113,7277,7579,7784,8123,8433,' female',NULL),('Botswana',7052,7834,7906,10824,12236,12776,13520,13966,13609,13588,13826,14177,' female',NULL),('Brazil',7409,7814,9796,10876,11888,12484,11715,12120,12689,10186,10366,10432,' female',NULL),('Brunei Darussalam',53203,56916,58788,59977,65948,66291,65440,64469,67488,65897,66138,65913,' female',NULL),('Bulgaria',6699,6605,9992,11942,12192,12428,12540,12933,13206,14102,15016,15622,' female',NULL),('Burkina Faso',706,815,921,1056,1084,1149,1192,1202,1209,1239,1287,1336,' female',NULL),('Burundi',727,643,601,670,843,859,879,886,827,796,774,763,' female',NULL),('Cabo Verde',1557,2602,3310,4489,4660,4704,4757,4708,4813,4995,5151,5523,' female',NULL),('Cambodia',920,1405,1567,2056,2060,2300,2420,2530,2649,2830,2976,3128,' female',NULL),('Cameroon',1819,1971,2218,2347,2377,2407,2460,2566,2628,2672,2693,2724,' female',NULL),('Canada',22372,26805,30528,31599,32544,32842,33473,33921,33905,34274,35012,35120,' female',NULL),('Central African Republic',685,653,648,796,819,856,542,541,562,584,605,622,' female',NULL),('Chad',791,741,1147,1465,1429,1510,1511,1572,1599,1470,1392,1377,' female',NULL),('Chile',6175,7743,9421,11768,12750,13586,14078,14429,14733,14929,14801,15212,' female',NULL),('China',1973,2855,4383,7511,8141,8796,9368,10086,10658,11294,11983,12665,' female',NULL),('Colombia',5629,5894,6366,8243,8773,9095,9522,9607,10254,10362,10270,10235,' female',NULL),('Comoros',1430,1485,1562,1748,1791,1801,1854,1863,1847,1859,1877,1812,' female',NULL),('Congo',3287,2943,2460,3483,3410,4065,4371,5088,6539,5798,5210,4989,' female',NULL),('Congo (Democratic Republic of the)',600,483,497,547,556,568,571,608,640,679,673,684,' female',NULL),('Costa Rica',4773,5553,7576,8910,9403,10044,10097,10014,10429,10225,10396,10565,' female',NULL),('Croatia',8988,12295,16223,16853,16547,16287,16609,16876,17677,17869,18853,19442,' female',NULL),('Cuba',1891,2308,3074,4347,4487,4582,4703,4734,4921,4922,4989,5035,' female',NULL),('Cyprus',15907,18387,22665,26014,26670,24593,23297,23805,26213,26312,26951,27792,' female',NULL),('Czechia',13864,15197,17835,18774,19604,19840,19987,20241,21420,22148,23255,24114,' female',NULL);
/*!40000 ALTER TABLE `estimated_gni_female` ENABLE KEYS */;
UNLOCK TABLES;

--
-- Table structure for table `estimated_gni_male`
--

DROP TABLE IF EXISTS `estimated_gni_male`;
/*!40101 SET @saved_cs_client     = @@character_set_client */;
/*!50503 SET character_set_client = utf8mb4 */;
CREATE TABLE `estimated_gni_male` (
  `Country` varchar(255) NOT NULL,
  `1995` int DEFAULT NULL,
  `2000` int DEFAULT NULL,
  `2005` int DEFAULT NULL,
  `2010` int DEFAULT NULL,
  `2011` int DEFAULT NULL,
  `2012` int DEFAULT NULL,
  `2013` int DEFAULT NULL,
  `2014` int DEFAULT NULL,
  `2015` int DEFAULT NULL,
  `2016` int DEFAULT NULL,
  `2017` int DEFAULT NULL,
  `2018` int DEFAULT NULL,
  `Info` text,
  `idcountry_code` int DEFAULT NULL,
  PRIMARY KEY (`Country`),
  KEY `idcountry_code` (`idcountry_code`),
  CONSTRAINT `estimated_gni_male_ibfk_1` FOREIGN KEY (`idcountry_code`) REFERENCES `country_code` (`idcountry_code`)
) ENGINE=InnoDB DEFAULT CHARSET=utf8mb4 COLLATE=utf8mb4_0900_ai_ci;
/*!40101 SET character_set_client = @saved_cs_client */;

--
-- Dumping data for table `estimated_gni_male`
--

LOCK TABLES `estimated_gni_male` WRITE;
/*!40000 ALTER TABLE `estimated_gni_male` DISABLE KEYS */;
INSERT INTO `estimated_gni_male` VALUES ('Afghanistan',1756,1167,1699,2353,2275,2472,2509,2466,2432,2396,2386,2355,'male',NULL),('Albania',5338,7230,9769,12176,12702,12176,12898,13135,13010,13794,14150,14727,'male',NULL),('Algeria',15808,17133,20250,22062,21790,21570,21541,22101,22403,23284,23024,22980,'male',NULL),('Angola',3294,3567,5214,6734,6710,7093,7280,7495,7439,6986,6865,6407,'male',NULL),('Argentina',18633,20200,19390,24678,26077,25542,26002,25138,25457,24394,24541,23418,'male',NULL),('Armenia',2827,4409,7955,10150,9770,10473,11078,11237,11380,11269,12294,12582,'male',NULL),('Australia',38073,43798,47018,48252,48483,49952,50665,51038,51717,52003,51990,52363,'male',NULL),('Austria',44339,53739,56866,54650,59600,59312,58844,54456,57604,58366,59314,60303,'male',NULL),('Azerbaijan',4274,5468,9993,20475,19859,20938,21935,21693,21519,20555,20777,20655,'male',NULL),('Bahamas',38462,39123,39213,35026,34833,35755,35255,34615,34828,33737,33805,34290,'male',NULL),('Bahrain',60104,61366,54223,43083,41039,48346,50429,49056,56296,55185,54954,52952,'male',NULL),('Bangladesh',2471,2790,3291,4174,4364,4592,4604,4740,4956,5186,5334,5700,'male',NULL),('Barbados',15902,18269,18535,18592,17989,18508,18140,17866,18018,18391,18445,18292,'male',NULL),('Belarus',6678,9079,13600,19578,20934,21155,21070,21260,20184,19369,20019,20616,'male',NULL),('Belgium',44538,49766,51700,52542,51819,52332,51036,50839,50269,51165,52394,52926,'male',NULL),('Belize',8912,9481,9865,9421,9678,8973,8886,8970,9349,8768,8519,8618,'male',NULL),('Benin',1930,2058,2059,2025,2065,2089,2177,2251,2229,2261,2319,2407,'male',NULL),('Bhutan',3179,4324,5522,7699,8185,8076,8736,9282,9665,10147,10420,10579,'male',NULL),('Bolivia (Plurinational State of)',5157,5491,5664,6647,6755,6996,7311,7559,7988,8246,8511,8780,'male',NULL),('Bosnia and Herzegovina',2151,9502,11825,13273,12923,13573,14227,14579,15273,15998,16484,17122,'male',NULL),('Botswana',11622,12424,13702,14605,15924,16479,17250,17803,17356,17255,17499,17853,'male',NULL),('Brazil',14446,14427,14269,17604,17529,17370,19095,18327,16348,17747,17704,17827,'male',NULL),('Brunei Darussalam',117078,107442,107031,99508,93647,93123,91024,88147,89831,88186,87388,86072,'male',NULL),('Bulgaria',9909,10784,15067,18171,18335,18883,18821,19633,20312,21620,22954,23904,'male',NULL),('Burkina Faso',1087,1331,1621,1728,1758,1843,1888,1876,1883,1927,1996,2077,'male',NULL),('Burundi',901,818,765,790,621,630,641,644,602,579,563,555,'male',NULL),('Cabo Verde',3370,5081,5948,6873,7063,6955,6937,6728,6746,6976,7170,7497,'male',NULL),('Cambodia',1258,1267,2229,2782,3032,3032,3272,3410,3543,3687,3882,4089,'male',NULL),('Cameroon',2659,2859,3194,3350,3393,3432,3505,3650,3730,3786,3807,3858,'male',NULL),('Canada',40410,46742,49306,48524,49346,49690,50300,51315,51372,51248,52118,52218,'male',NULL),('Central African Republic',1084,1030,1024,1182,1225,1284,821,820,853,882,909,935,'male',NULL),('Chad',1285,1217,1884,2237,2182,2297,2289,2371,2401,2203,2081,2056,'male',NULL),('Chile',17485,20144,22000,24410,25678,27122,28063,28391,28793,28836,28229,28932,'male',NULL),('China',3044,4406,6879,11299,12262,13261,14147,15257,16162,17171,18273,19410,'male',NULL),('Colombia',11703,10707,12007,12986,13627,14082,14571,15538,15758,15921,15760,15657,'male',NULL),('Comoros',3211,3285,3161,3089,3125,3146,3202,3183,3150,3139,3142,3030,'male',NULL),('Congo',4737,4202,3499,4624,4547,5424,5849,6800,8728,7735,6929,6621,'male',NULL),('Congo (Democratic Republic of the)',794,649,648,722,740,763,768,817,858,910,901,917,'male',NULL),('Costa Rica',12667,13045,13448,16047,16285,16624,16711,17275,17470,18558,18842,19016,'male',NULL),('Croatia',16749,18571,23426,23754,24116,23456,23425,23290,24358,24827,26278,26959,'male',NULL),('Cuba',4722,5797,7216,8879,9180,9491,9743,9813,10247,10305,10499,10625,'male',NULL),('Cyprus',32442,35189,40847,39767,39643,36860,34159,34002,35887,36389,37475,38403,'male',NULL);
/*!40000 ALTER TABLE `estimated_gni_male` ENABLE KEYS */;
UNLOCK TABLES;

--
-- Table structure for table `gni_per_capita`
--

DROP TABLE IF EXISTS `gni_per_capita`;
/*!40101 SET @saved_cs_client     = @@character_set_client */;
/*!50503 SET character_set_client = utf8mb4 */;
CREATE TABLE `gni_per_capita` (
  `Country` varchar(255) NOT NULL,
  `1990` int DEFAULT NULL,
  `1991` int DEFAULT NULL,
  `1992` int DEFAULT NULL,
  `1993` int DEFAULT NULL,
  `1994` int DEFAULT NULL,
  `1995` int DEFAULT NULL,
  `1996` int DEFAULT NULL,
  `1997` int DEFAULT NULL,
  `1998` int DEFAULT NULL,
  `1999` int DEFAULT NULL,
  `2000` int DEFAULT NULL,
  `2001` int DEFAULT NULL,
  `2002` int DEFAULT NULL,
  `2003` int DEFAULT NULL,
  `2004` int DEFAULT NULL,
  `2005` int DEFAULT NULL,
  `2006` int DEFAULT NULL,
  `2007` int DEFAULT NULL,
  `2008` int DEFAULT NULL,
  `2009` int DEFAULT NULL,
  `2010` int DEFAULT NULL,
  `2011` int DEFAULT NULL,
  `2012` int DEFAULT NULL,
  `2013` int DEFAULT NULL,
  `2014` int DEFAULT NULL,
  `2015` int DEFAULT NULL,
  `2016` int DEFAULT NULL,
  `2017` int DEFAULT NULL,
  `2018` int DEFAULT NULL,
  `Info` text,
  `idcountry_code` int DEFAULT NULL,
  PRIMARY KEY (`Country`),
  KEY `idcountry_code` (`idcountry_code`),
  CONSTRAINT `gni_per_capita_ibfk_1` FOREIGN KEY (`idcountry_code`) REFERENCES `country_code` (`idcountry_code`)
) ENGINE=InnoDB DEFAULT CHARSET=utf8mb4 COLLATE=utf8mb4_0900_ai_ci;
/*!40101 SET character_set_client = @saved_cs_client */;

--
-- Dumping data for table `gni_per_capita`
--

LOCK TABLES `gni_per_capita` WRITE;
/*!40000 ALTER TABLE `gni_per_capita` DISABLE KEYS */;
INSERT INTO `gni_per_capita` VALUES ('Afghanistan',2193,1841,1739,1208,877,1244,1130,1039,967,894,817,738,1159,1176,1126,1198,1244,1361,1358,1498,1675,1625,1776,1814,1796,1783,1766,1767,1746,'',NULL),('Albania',4415,3138,2857,3261,3600,4168,4594,4112,4530,5141,7219,6093,6358,6760,7147,7557,8125,8671,9199,9376,9828,10210,10293,10669,10797,11098,11534,11831,12300,'',NULL),('Algeria',9989,9457,9462,9171,8847,8904,9069,9099,9502,9596,9700,10130,10447,11068,11305,11595,11734,12419,12640,12602,12946,12908,12910,12946,13169,13330,13832,13656,13639,'',NULL),('Andorra',49062,48391,47002,44928,44747,45136,46861,51136,52922,54896,44215,44886,45943,49328,50968,52917,53867,52786,47574,45492,43061,41402,41386,42376,44197,45260,46553,47550,48641,' a',NULL),('Angola',4139,4528,1737,1704,1304,2858,2826,3335,3269,2952,3092,3268,3904,3924,4130,4516,4751,5327,5437,5863,5818,5796,6128,6294,6484,6440,6051,5950,5555,'',NULL),('Antigua and Barbuda',15749,16439,16475,17300,18021,16842,17665,18401,18943,19230,19676,18853,18396,19378,20145,21315,23686,25479,24945,21655,20096,19264,19529,19276,19780,20279,20909,21349,22201,'',NULL),('Argentina',10932,11902,12816,13774,14371,13742,14297,15263,15619,14903,14617,13791,11841,12910,12911,13886,16185,17586,18137,16791,18279,19251,18940,19228,18562,18901,18249,18462,17611,'',NULL),('Armenia',3600,3327,1649,1691,1988,2167,2403,2595,2725,2827,3006,3325,3814,4358,4822,5600,6426,7425,8045,6811,7061,7269,7793,8169,8301,8482,8310,9064,9277,'',NULL),('Australia',27679,27203,27159,28112,28942,29524,30234,31130,32284,33555,34533,34748,35729,36308,37314,37669,38060,39025,39780,39939,39982,40281,41566,42201,42594,43246,43653,43756,44097,'',NULL),('Austria',31587,32192,32442,32368,32951,33659,34520,35057,36218,37059,38502,38644,39405,39716,40597,41196,42600,43896,44815,42640,43700,44603,44597,44420,44306,43822,44621,45375,46231,'',NULL),('Azerbaijan',8710,8514,6489,4975,3940,3430,3415,3606,3928,4162,4426,4816,5209,5689,6028,7184,9329,11155,12858,14628,15425,14676,15056,15846,16444,16259,15146,15312,15240,'',NULL),('Bahamas',29469,27683,26858,26089,26432,31405,34558,28504,29326,31477,32303,32448,32837,31999,31779,32139,32259,32076,31323,29258,29085,28953,29753,29372,28661,28763,27791,28067,28395,'',NULL),('Bahrain',29850,40166,40370,42512,41106,43105,43978,42635,43808,43385,44495,43081,41877,42112,42161,42760,42375,42696,41154,37214,37246,35445,36153,37643,36619,42125,41499,41645,40399,'',NULL),('Bangladesh',1358,1374,1420,1458,1490,1531,1559,1598,1646,1691,1750,1801,1852,1907,1982,2082,2218,2362,2501,2603,2723,2861,3025,3158,3270,3439,3620,3792,4057,'',NULL),('Barbados',13806,13255,12347,12389,12786,12930,13344,13992,14457,14372,14922,14445,14476,14688,14962,15311,15834,16405,16160,15601,15874,15281,15733,15617,15580,15635,15881,16033,15912,'',NULL),('Belarus',8360,8255,7447,6865,6062,5443,5620,6271,6829,7103,7549,7943,8410,9088,10195,11237,12387,13446,14809,14764,15978,16815,17069,17006,17370,16450,15997,16542,17039,'',NULL),('Belgium',30781,31342,31688,31564,32720,33350,33854,35061,35678,36822,38152,38062,38510,38714,39735,40281,41091,42179,42589,40410,42385,41700,42125,41688,41632,41598,42260,43300,43821,'',NULL),('Belize',4977,5441,5953,6195,6004,5932,5802,5834,5755,5984,6476,6502,6675,7000,7000,7054,7188,6916,7002,7266,7109,7318,7274,7185,7235,7523,7272,7059,7136,'',NULL),('Benin',1432,1449,1409,1470,1443,1482,1500,1549,1577,1615,1659,1694,1713,1718,1743,1730,1743,1791,1838,1823,1805,1817,1840,1919,1988,1971,2001,2055,2135,'',NULL),('Bhutan',2207,2126,2160,2237,2423,2447,2584,2749,2648,2723,3429,3635,3887,4075,4239,4511,4807,5552,5678,5917,6435,6814,6961,7096,7410,7807,8202,8472,8609,'',NULL),('Bolivia (Plurinational State of)',3530,3662,3688,3764,3879,3976,4075,4205,4354,4268,4279,4273,4296,4280,4344,4476,4626,4743,4975,5028,5111,5257,5360,5627,5932,6260,6535,6640,6849,'',NULL),('Bosnia and Herzegovina',1343,1243,1199,1216,1281,1594,3239,4469,6595,6962,7024,7235,7491,7692,8035,8686,9057,9599,10214,9969,9923,10057,10127,10603,10858,11351,11810,12220,12690,'',NULL),('Botswana',8270,8989,9082,9371,8495,9249,9131,9897,10223,10225,10056,10283,9663,10319,10266,10725,11468,12293,12834,12128,12673,14036,14576,15326,15817,15414,15353,15596,15951,'',NULL),('Brazil',10082,10089,9905,10142,10368,10901,10835,10973,10707,10518,11090,11051,11223,11232,11762,12007,12394,13061,13547,13424,14194,14670,14892,15351,15177,14490,13907,13975,14068,'',NULL),('Brunei Darussalam',85147,85355,86908,84763,85081,86600,86896,83605,81266,81932,82508,83059,84596,85449,84413,83421,85879,85361,82688,80279,80394,80283,80203,78725,76778,79110,77492,77188,76389,' b',NULL),('Bulgaria',8518,7743,7940,7880,8035,8271,8307,8282,8964,8293,8642,9372,10327,10901,11643,12461,13065,13447,14811,14715,14975,15184,15570,15596,16193,16662,17757,18874,19646,'',NULL),('Burkina Faso',845,897,875,879,865,893,971,1000,1044,1089,1069,1109,1127,1180,1197,1266,1310,1340,1395,1393,1389,1418,1494,1538,1538,1545,1582,1640,1705,'',NULL),('Burundi',1014,1045,1030,949,895,812,735,719,748,727,729,707,717,683,689,682,702,704,716,714,730,733,746,761,767,715,689,670,660,'',NULL),('Cabo Verde',1688,1665,1797,1896,2191,2428,2631,2864,3148,3420,3795,3872,3956,4082,4424,4593,4865,5648,5918,5776,5680,5863,5832,5850,5721,5782,5989,6164,6513,'',NULL),('Cambodia',1381,1428,1480,1502,915,1084,1106,1133,1148,1250,1338,1414,1466,1573,1704,1888,2062,2255,2354,2313,2410,2534,2657,2836,2959,3085,3248,3418,3597,'',NULL),('Cameroon',2889,2642,2517,2255,2226,2237,2271,2324,2396,2440,2413,2432,2492,2599,2735,2704,2762,2792,2830,2847,2848,2884,2919,2982,3108,3178,3229,3250,3291,'',NULL),('Canada',30384,29469,29310,29820,30767,31302,31510,32608,33524,34963,36681,36862,37676,38021,38934,39837,40655,41136,41093,39347,39996,40880,41199,41818,42546,42567,42691,43496,43602,'',NULL),('Central African Republic',968,942,858,833,841,882,823,849,865,885,839,862,874,815,840,834,856,880,878,947,987,1020,1068,681,679,706,732,756,777,'',NULL),('Chad',1096,1165,1224,962,1055,1036,1021,1037,1084,1038,978,1050,1074,976,1334,1514,1453,1493,1444,1669,1850,1805,1902,1899,1971,1999,1836,1736,1716,'',NULL),('Chile',8611,9141,10081,10638,10890,11736,12421,13182,13675,13379,13844,14168,14383,14514,15033,15611,15642,16410,17598,17299,17989,19112,20247,20960,21300,21653,21776,21415,21972,'',NULL),('China',1530,1649,1857,2085,2331,2522,2747,2978,3167,3389,3651,3918,4263,4678,5137,5665,6381,7281,7974,8613,9458,10259,11090,11823,12742,13485,14311,15212,16127,'',NULL),('Colombia',7392,7434,7617,7945,8331,8613,8601,8737,8683,8193,8254,8239,8300,8439,8756,9131,9612,10100,10254,10305,10567,11151,11538,11996,12513,12951,13087,12963,12896,'',NULL),('Comoros',2576,2368,2520,2510,2305,2325,2229,2257,2222,2211,2391,2389,2378,2369,2355,2367,2374,2345,2372,2391,2424,2463,2479,2534,2529,2504,2504,2515,2426,'',NULL),('Congo',5976,6060,6307,5676,5506,4001,4024,4484,5178,4034,3564,3998,4054,3940,3613,2975,2674,3131,3614,4068,4051,3976,4742,5108,5942,7631,6765,6068,5804,'',NULL),('Congo (Democratic Republic of the)',2054,1684,1550,1330,729,696,725,664,642,579,565,522,531,548,564,572,589,602,602,614,634,648,665,669,712,749,794,787,800,'',NULL),('Costa Rica',7377,7509,8009,8372,8645,8742,8681,8942,9246,9239,9313,9467,9626,9888,10217,10520,11226,12022,12502,12049,12485,12850,13339,13408,13648,13952,14393,14619,14790,'',NULL),('Croatia',14413,11436,10042,9329,9979,12742,13650,14668,14861,14585,15316,16477,17372,18032,19033,19692,20598,21755,22037,20348,20177,20192,19737,19888,19960,20890,21216,22426,23061,'',NULL),('Cuba',4920,4372,3856,3261,3266,3308,3558,3642,3637,3844,4047,4182,4233,4381,4618,5138,5770,6156,6400,6428,6601,6821,7022,7208,7258,7567,7597,7726,7811,' c',NULL),('Cyprus',22853,22430,23807,23422,24226,24254,24222,24348,27786,26406,26855,28026,29381,30101,30670,31873,32716,33342,35274,32678,32881,33145,30718,28727,28908,31057,31358,32219,33100,'',NULL);
/*!40000 ALTER TABLE `gni_per_capita` ENABLE KEYS */;
UNLOCK TABLES;
/*!40103 SET TIME_ZONE=@OLD_TIME_ZONE */;

/*!40101 SET SQL_MODE=@OLD_SQL_MODE */;
/*!40014 SET FOREIGN_KEY_CHECKS=@OLD_FOREIGN_KEY_CHECKS */;
/*!40014 SET UNIQUE_CHECKS=@OLD_UNIQUE_CHECKS */;
/*!40101 SET CHARACTER_SET_CLIENT=@OLD_CHARACTER_SET_CLIENT */;
/*!40101 SET CHARACTER_SET_RESULTS=@OLD_CHARACTER_SET_RESULTS */;
/*!40101 SET COLLATION_CONNECTION=@OLD_COLLATION_CONNECTION */;
/*!40111 SET SQL_NOTES=@OLD_SQL_NOTES */;

-- Dump completed on 2022-03-25 12:43:04
